group,student,item,resp
old,1,1,0
old,2,1,1
old,3,1,0
old,4,1,1
old,5,1,0
old,6,1,0
old,7,1,1
old,8,1,1
old,9,1,1
old,10,1,1
old,11,1,1
old,12,1,1
old,13,1,0
old,14,1,1
old,15,1,1
old,16,1,1
old,17,1,1
old,18,1,1
old,19,1,0
old,20,1,0
old,21,1,0
old,22,1,1
old,23,1,0
old,24,1,0
old,25,1,0
old,26,1,1
old,27,1,0
old,28,1,0
old,29,1,0
old,30,1,1
old,31,1,1
old,32,1,0
old,33,1,0
old,34,1,1
old,35,1,0
old,36,1,0
old,37,1,0
old,38,1,0
old,39,1,1
old,40,1,0
old,41,1,0
old,42,1,0
old,43,1,1
old,44,1,1
old,45,1,0
old,46,1,0
old,47,1,1
old,48,1,0
old,49,1,0
old,50,1,1
old,51,1,0
old,52,1,0
old,53,1,1
old,54,1,1
old,55,1,1
old,56,1,1
old,57,1,1
old,58,1,0
old,59,1,1
old,60,1,0
old,61,1,1
old,62,1,1
old,63,1,1
old,64,1,0
old,65,1,0
old,66,1,1
old,67,1,0
old,68,1,0
old,69,1,1
old,70,1,1
old,71,1,0
old,72,1,0
old,73,1,1
old,74,1,0
old,75,1,1
old,76,1,1
old,77,1,1
old,78,1,0
old,79,1,0
old,80,1,0
old,81,1,0
old,82,1,0
old,83,1,1
old,84,1,0
old,85,1,1
old,86,1,1
old,87,1,1
old,88,1,0
old,89,1,1
old,90,1,0
old,91,1,0
old,92,1,1
old,93,1,1
old,94,1,0
old,95,1,1
old,96,1,1
old,97,1,0
old,98,1,0
old,99,1,0
old,100,1,1
old,101,1,1
old,102,1,0
old,103,1,0
old,104,1,0
old,105,1,0
old,106,1,1
old,107,1,1
old,108,1,1
old,109,1,1
old,110,1,1
old,111,1,0
old,112,1,1
old,113,1,0
old,114,1,1
old,115,1,1
old,116,1,0
old,117,1,0
old,118,1,1
old,119,1,0
old,120,1,1
old,121,1,0
old,122,1,1
old,123,1,0
old,124,1,1
old,125,1,1
old,126,1,1
old,127,1,0
old,128,1,0
old,129,1,0
old,130,1,0
old,131,1,1
old,132,1,0
old,133,1,1
old,134,1,0
old,135,1,1
old,136,1,0
old,137,1,0
old,138,1,1
old,139,1,1
old,140,1,0
old,141,1,0
old,142,1,1
old,143,1,0
old,144,1,0
old,145,1,1
old,146,1,0
old,147,1,1
old,148,1,0
old,149,1,1
old,150,1,0
old,151,1,1
old,152,1,0
old,153,1,1
old,154,1,1
old,155,1,1
old,156,1,0
old,157,1,0
old,158,1,0
old,159,1,0
old,160,1,1
old,161,1,0
old,162,1,0
old,163,1,1
old,164,1,1
old,165,1,1
old,166,1,1
old,167,1,1
old,168,1,0
old,169,1,1
old,170,1,0
old,171,1,1
old,172,1,1
old,173,1,1
old,174,1,0
old,175,1,1
old,176,1,0
old,177,1,1
old,178,1,1
old,179,1,0
old,180,1,0
old,181,1,0
old,182,1,1
old,183,1,1
old,184,1,0
old,185,1,1
old,186,1,0
old,187,1,0
old,188,1,0
old,189,1,0
old,190,1,0
old,191,1,1
old,192,1,1
old,193,1,0
old,194,1,1
old,195,1,0
old,196,1,1
old,197,1,1
old,198,1,1
old,199,1,0
old,200,1,0
old,201,1,0
old,202,1,1
old,203,1,1
old,204,1,1
old,205,1,0
old,206,1,1
old,207,1,1
old,208,1,1
old,209,1,0
old,210,1,1
old,211,1,0
old,212,1,1
old,213,1,0
old,214,1,0
old,215,1,1
old,216,1,1
old,217,1,1
old,218,1,0
old,219,1,1
old,220,1,0
old,221,1,0
old,222,1,0
old,223,1,0
old,224,1,1
old,225,1,0
old,226,1,0
old,227,1,0
old,228,1,0
old,229,1,1
old,230,1,1
old,231,1,0
old,232,1,0
old,233,1,0
old,234,1,0
old,235,1,0
old,236,1,1
old,237,1,1
old,238,1,0
old,239,1,1
old,240,1,1
old,241,1,1
old,242,1,1
old,243,1,0
old,244,1,0
old,245,1,1
old,246,1,1
old,247,1,1
old,248,1,1
old,249,1,1
old,250,1,0
old,251,1,0
old,252,1,0
old,253,1,1
old,254,1,1
old,255,1,1
old,256,1,0
old,257,1,0
old,258,1,1
old,259,1,1
old,260,1,0
old,261,1,0
old,262,1,1
old,263,1,0
old,264,1,1
old,265,1,1
old,266,1,0
old,267,1,0
old,268,1,1
old,269,1,0
old,270,1,0
old,271,1,0
old,272,1,0
old,273,1,1
old,274,1,1
old,275,1,1
old,276,1,1
old,277,1,0
old,278,1,1
old,279,1,0
old,280,1,1
old,281,1,0
old,282,1,0
old,283,1,1
old,284,1,1
old,285,1,1
old,286,1,0
old,287,1,0
old,288,1,1
old,289,1,1
old,290,1,1
old,291,1,0
old,292,1,1
old,293,1,1
old,294,1,0
old,295,1,0
old,296,1,1
old,297,1,1
old,298,1,1
old,299,1,0
old,300,1,0
old,301,1,1
old,302,1,0
old,303,1,1
old,304,1,1
old,305,1,1
old,306,1,1
old,307,1,0
old,308,1,1
old,309,1,0
old,310,1,1
old,311,1,0
old,312,1,0
old,313,1,0
old,314,1,1
old,315,1,1
old,316,1,1
old,317,1,0
old,318,1,0
old,319,1,0
old,320,1,1
old,321,1,1
old,322,1,0
old,323,1,1
old,324,1,0
old,325,1,0
old,326,1,1
old,327,1,0
old,328,1,0
old,329,1,0
old,330,1,1
old,331,1,0
old,332,1,1
old,333,1,0
old,334,1,1
old,335,1,1
old,336,1,1
old,337,1,1
old,338,1,1
old,339,1,1
old,340,1,0
old,341,1,0
old,342,1,0
old,343,1,1
old,344,1,0
old,345,1,0
old,346,1,0
old,347,1,0
old,348,1,0
old,349,1,1
old,350,1,1
old,351,1,0
old,352,1,0
old,353,1,0
old,354,1,0
old,355,1,1
old,356,1,1
old,357,1,0
old,358,1,0
old,359,1,0
old,360,1,1
old,361,1,0
old,362,1,1
old,363,1,0
old,364,1,0
old,365,1,1
old,366,1,0
old,367,1,1
old,368,1,0
old,369,1,0
old,370,1,0
old,371,1,0
old,372,1,0
old,373,1,0
old,374,1,0
old,375,1,1
old,376,1,1
old,377,1,1
old,378,1,1
old,379,1,0
old,380,1,1
old,381,1,1
old,382,1,1
old,383,1,0
old,384,1,0
old,385,1,0
old,386,1,0
old,387,1,0
old,388,1,1
old,389,1,0
old,390,1,0
old,391,1,1
old,392,1,0
old,393,1,0
old,394,1,1
old,395,1,1
old,396,1,0
old,397,1,1
old,398,1,1
old,399,1,0
old,400,1,1
old,401,1,0
old,402,1,1
old,403,1,1
old,404,1,0
old,405,1,0
old,406,1,1
old,407,1,0
old,408,1,0
old,409,1,0
old,410,1,0
old,411,1,0
old,412,1,1
old,413,1,0
old,414,1,0
old,415,1,0
old,416,1,1
old,417,1,1
old,418,1,0
old,419,1,1
old,420,1,1
old,421,1,1
old,422,1,1
old,423,1,1
old,424,1,0
old,425,1,1
old,426,1,0
old,427,1,0
old,428,1,0
old,429,1,0
old,430,1,1
old,431,1,0
old,432,1,1
old,433,1,0
old,434,1,0
old,435,1,1
old,436,1,0
old,437,1,1
old,438,1,1
old,439,1,1
old,440,1,0
old,441,1,1
old,442,1,1
old,443,1,0
old,444,1,1
old,445,1,1
old,446,1,0
old,447,1,0
old,448,1,0
old,449,1,0
old,450,1,0
old,451,1,1
old,452,1,0
old,453,1,0
old,454,1,0
old,455,1,0
old,456,1,0
old,457,1,1
old,458,1,0
old,459,1,0
old,460,1,1
old,461,1,0
old,462,1,1
old,463,1,1
old,464,1,0
old,465,1,0
old,466,1,0
old,467,1,0
old,468,1,1
old,469,1,1
old,470,1,0
old,471,1,0
old,472,1,0
old,473,1,1
old,474,1,0
old,475,1,1
old,476,1,0
old,477,1,1
old,478,1,0
old,479,1,1
old,480,1,1
old,481,1,0
old,482,1,0
old,483,1,0
old,484,1,0
old,485,1,1
old,486,1,1
old,487,1,1
old,488,1,0
old,489,1,0
old,490,1,1
old,491,1,0
old,492,1,1
old,493,1,1
old,494,1,1
old,495,1,1
old,496,1,0
old,497,1,1
old,498,1,1
old,499,1,1
old,500,1,0
young,501,1,1
young,502,1,1
young,503,1,0
young,504,1,0
young,505,1,0
young,506,1,0
young,507,1,0
young,508,1,0
young,509,1,1
young,510,1,0
young,511,1,0
young,512,1,0
young,513,1,0
young,514,1,0
young,515,1,0
young,516,1,0
young,517,1,0
young,518,1,0
young,519,1,1
young,520,1,0
young,521,1,0
young,522,1,1
young,523,1,0
young,524,1,0
young,525,1,0
young,526,1,0
young,527,1,0
young,528,1,0
young,529,1,1
young,530,1,0
young,531,1,0
young,532,1,0
young,533,1,0
young,534,1,0
young,535,1,0
young,536,1,0
young,537,1,0
young,538,1,1
young,539,1,1
young,540,1,0
young,541,1,0
young,542,1,0
young,543,1,1
young,544,1,0
young,545,1,1
young,546,1,0
young,547,1,0
young,548,1,0
young,549,1,0
young,550,1,1
young,551,1,0
young,552,1,0
young,553,1,0
young,554,1,0
young,555,1,1
young,556,1,0
young,557,1,0
young,558,1,0
young,559,1,0
young,560,1,0
young,561,1,0
young,562,1,0
young,563,1,0
young,564,1,1
young,565,1,0
young,566,1,1
young,567,1,0
young,568,1,0
young,569,1,0
young,570,1,0
young,571,1,0
young,572,1,1
young,573,1,0
young,574,1,1
young,575,1,1
young,576,1,0
young,577,1,1
young,578,1,1
young,579,1,0
young,580,1,0
young,581,1,0
young,582,1,0
young,583,1,1
young,584,1,0
young,585,1,0
young,586,1,1
young,587,1,0
young,588,1,0
young,589,1,1
young,590,1,0
young,591,1,1
young,592,1,0
young,593,1,1
young,594,1,0
young,595,1,0
young,596,1,0
young,597,1,0
young,598,1,1
young,599,1,1
young,600,1,0
young,601,1,0
young,602,1,1
young,603,1,0
young,604,1,0
young,605,1,0
young,606,1,1
young,607,1,1
young,608,1,0
young,609,1,1
young,610,1,1
young,611,1,0
young,612,1,0
young,613,1,1
young,614,1,0
young,615,1,1
young,616,1,0
young,617,1,1
young,618,1,0
young,619,1,0
young,620,1,1
young,621,1,0
young,622,1,0
young,623,1,1
young,624,1,0
young,625,1,1
young,626,1,0
young,627,1,0
young,628,1,0
young,629,1,0
young,630,1,1
young,631,1,0
young,632,1,0
young,633,1,0
young,634,1,1
young,635,1,0
young,636,1,0
young,637,1,0
young,638,1,1
young,639,1,0
young,640,1,0
young,641,1,0
young,642,1,0
young,643,1,0
young,644,1,0
young,645,1,0
young,646,1,0
young,647,1,1
young,648,1,0
young,649,1,1
young,650,1,0
young,651,1,0
young,652,1,0
young,653,1,0
young,654,1,0
young,655,1,0
young,656,1,0
young,657,1,0
young,658,1,0
young,659,1,0
young,660,1,0
young,661,1,1
young,662,1,1
young,663,1,0
young,664,1,0
young,665,1,0
young,666,1,0
young,667,1,0
young,668,1,0
young,669,1,0
young,670,1,0
young,671,1,0
young,672,1,0
young,673,1,1
young,674,1,0
young,675,1,0
young,676,1,0
young,677,1,0
young,678,1,0
young,679,1,0
young,680,1,0
young,681,1,1
young,682,1,0
young,683,1,1
young,684,1,0
young,685,1,0
young,686,1,1
young,687,1,0
young,688,1,0
young,689,1,1
young,690,1,0
young,691,1,0
young,692,1,1
young,693,1,1
young,694,1,1
young,695,1,1
young,696,1,0
young,697,1,0
young,698,1,1
young,699,1,1
young,700,1,0
young,701,1,0
young,702,1,1
young,703,1,0
young,704,1,0
young,705,1,1
young,706,1,0
young,707,1,0
young,708,1,0
young,709,1,1
young,710,1,0
young,711,1,1
young,712,1,1
young,713,1,0
young,714,1,0
young,715,1,0
young,716,1,0
young,717,1,0
young,718,1,0
young,719,1,1
young,720,1,0
young,721,1,0
young,722,1,0
young,723,1,1
young,724,1,0
young,725,1,0
young,726,1,0
young,727,1,0
young,728,1,0
young,729,1,0
young,730,1,0
young,731,1,0
young,732,1,0
young,733,1,0
young,734,1,0
young,735,1,0
young,736,1,0
young,737,1,0
young,738,1,0
young,739,1,0
young,740,1,1
young,741,1,0
young,742,1,0
young,743,1,0
young,744,1,0
young,745,1,0
young,746,1,0
young,747,1,0
young,748,1,0
young,749,1,1
young,750,1,1
young,751,1,0
young,752,1,0
young,753,1,0
young,754,1,0
young,755,1,0
young,756,1,0
young,757,1,0
young,758,1,0
young,759,1,0
young,760,1,1
young,761,1,1
young,762,1,0
young,763,1,0
young,764,1,0
young,765,1,0
young,766,1,1
young,767,1,0
young,768,1,1
young,769,1,0
young,770,1,1
young,771,1,1
young,772,1,0
young,773,1,0
young,774,1,0
young,775,1,0
young,776,1,1
young,777,1,1
young,778,1,0
young,779,1,0
young,780,1,1
young,781,1,0
young,782,1,1
young,783,1,0
young,784,1,0
young,785,1,0
young,786,1,1
young,787,1,1
young,788,1,0
young,789,1,1
young,790,1,0
young,791,1,0
young,792,1,1
young,793,1,0
young,794,1,0
young,795,1,0
young,796,1,0
young,797,1,1
young,798,1,0
young,799,1,0
young,800,1,1
young,801,1,0
young,802,1,0
young,803,1,0
young,804,1,0
young,805,1,0
young,806,1,0
young,807,1,0
young,808,1,1
young,809,1,0
young,810,1,0
young,811,1,0
young,812,1,0
young,813,1,0
young,814,1,0
young,815,1,0
young,816,1,1
young,817,1,0
young,818,1,0
young,819,1,0
young,820,1,1
young,821,1,0
young,822,1,1
young,823,1,1
young,824,1,0
young,825,1,0
young,826,1,0
young,827,1,0
young,828,1,1
young,829,1,0
young,830,1,1
young,831,1,0
young,832,1,0
young,833,1,1
young,834,1,0
young,835,1,0
young,836,1,1
young,837,1,0
young,838,1,0
young,839,1,0
young,840,1,0
young,841,1,1
young,842,1,0
young,843,1,1
young,844,1,1
young,845,1,0
young,846,1,1
young,847,1,1
young,848,1,1
young,849,1,0
young,850,1,1
young,851,1,1
young,852,1,1
young,853,1,0
young,854,1,0
young,855,1,1
young,856,1,0
young,857,1,0
young,858,1,1
young,859,1,0
young,860,1,0
young,861,1,1
young,862,1,0
young,863,1,0
young,864,1,0
young,865,1,0
young,866,1,1
young,867,1,0
young,868,1,0
young,869,1,1
young,870,1,0
young,871,1,1
young,872,1,0
young,873,1,0
young,874,1,0
young,875,1,0
young,876,1,0
young,877,1,1
young,878,1,1
young,879,1,0
young,880,1,0
young,881,1,0
young,882,1,1
young,883,1,0
young,884,1,0
young,885,1,0
young,886,1,1
young,887,1,1
young,888,1,0
young,889,1,0
young,890,1,0
young,891,1,0
young,892,1,0
young,893,1,1
young,894,1,0
young,895,1,0
young,896,1,0
young,897,1,0
young,898,1,0
young,899,1,0
young,900,1,0
young,901,1,0
young,902,1,0
young,903,1,1
young,904,1,0
young,905,1,0
young,906,1,0
young,907,1,0
young,908,1,1
young,909,1,1
young,910,1,0
young,911,1,1
young,912,1,1
young,913,1,0
young,914,1,0
young,915,1,1
young,916,1,0
young,917,1,0
young,918,1,1
young,919,1,1
young,920,1,1
young,921,1,0
young,922,1,1
young,923,1,1
young,924,1,0
young,925,1,0
young,926,1,0
young,927,1,0
young,928,1,0
young,929,1,1
young,930,1,0
young,931,1,1
young,932,1,1
young,933,1,1
young,934,1,0
young,935,1,0
young,936,1,1
young,937,1,1
young,938,1,0
young,939,1,0
young,940,1,1
young,941,1,0
young,942,1,0
young,943,1,1
young,944,1,0
young,945,1,0
young,946,1,1
young,947,1,1
young,948,1,1
young,949,1,0
young,950,1,0
young,951,1,1
young,952,1,1
young,953,1,0
young,954,1,1
young,955,1,0
young,956,1,0
young,957,1,1
young,958,1,1
young,959,1,0
young,960,1,0
young,961,1,0
young,962,1,0
young,963,1,0
young,964,1,1
young,965,1,0
young,966,1,0
young,967,1,0
young,968,1,0
young,969,1,0
young,970,1,0
young,971,1,1
young,972,1,0
young,973,1,0
young,974,1,0
young,975,1,0
young,976,1,0
young,977,1,0
young,978,1,0
young,979,1,0
young,980,1,0
young,981,1,0
young,982,1,0
young,983,1,1
young,984,1,0
young,985,1,0
young,986,1,0
young,987,1,0
young,988,1,0
young,989,1,0
young,990,1,1
young,991,1,0
young,992,1,0
young,993,1,1
young,994,1,0
young,995,1,0
young,996,1,1
young,997,1,0
young,998,1,1
young,999,1,0
young,1000,1,0
old,1,2,0
old,2,2,1
old,3,2,0
old,4,2,1
old,5,2,0
old,6,2,0
old,7,2,1
old,8,2,1
old,9,2,0
old,10,2,1
old,11,2,0
old,12,2,1
old,13,2,1
old,14,2,0
old,15,2,1
old,16,2,0
old,17,2,1
old,18,2,1
old,19,2,0
old,20,2,1
old,21,2,1
old,22,2,1
old,23,2,1
old,24,2,1
old,25,2,0
old,26,2,1
old,27,2,0
old,28,2,1
old,29,2,0
old,30,2,1
old,31,2,1
old,32,2,0
old,33,2,1
old,34,2,0
old,35,2,1
old,36,2,0
old,37,2,0
old,38,2,1
old,39,2,0
old,40,2,1
old,41,2,0
old,42,2,0
old,43,2,0
old,44,2,1
old,45,2,1
old,46,2,0
old,47,2,1
old,48,2,1
old,49,2,0
old,50,2,1
old,51,2,0
old,52,2,0
old,53,2,1
old,54,2,0
old,55,2,1
old,56,2,1
old,57,2,0
old,58,2,1
old,59,2,1
old,60,2,1
old,61,2,1
old,62,2,1
old,63,2,1
old,64,2,0
old,65,2,0
old,66,2,1
old,67,2,0
old,68,2,1
old,69,2,1
old,70,2,1
old,71,2,0
old,72,2,0
old,73,2,1
old,74,2,1
old,75,2,0
old,76,2,1
old,77,2,1
old,78,2,0
old,79,2,0
old,80,2,1
old,81,2,0
old,82,2,1
old,83,2,1
old,84,2,0
old,85,2,1
old,86,2,1
old,87,2,1
old,88,2,0
old,89,2,1
old,90,2,1
old,91,2,0
old,92,2,1
old,93,2,1
old,94,2,0
old,95,2,0
old,96,2,0
old,97,2,0
old,98,2,0
old,99,2,1
old,100,2,0
old,101,2,0
old,102,2,0
old,103,2,0
old,104,2,1
old,105,2,1
old,106,2,1
old,107,2,1
old,108,2,1
old,109,2,0
old,110,2,0
old,111,2,0
old,112,2,1
old,113,2,1
old,114,2,1
old,115,2,1
old,116,2,1
old,117,2,1
old,118,2,0
old,119,2,0
old,120,2,1
old,121,2,1
old,122,2,1
old,123,2,1
old,124,2,0
old,125,2,1
old,126,2,1
old,127,2,0
old,128,2,1
old,129,2,0
old,130,2,1
old,131,2,1
old,132,2,0
old,133,2,1
old,134,2,0
old,135,2,0
old,136,2,0
old,137,2,0
old,138,2,0
old,139,2,1
old,140,2,0
old,141,2,0
old,142,2,1
old,143,2,0
old,144,2,0
old,145,2,0
old,146,2,0
old,147,2,1
old,148,2,0
old,149,2,0
old,150,2,1
old,151,2,1
old,152,2,0
old,153,2,0
old,154,2,0
old,155,2,1
old,156,2,0
old,157,2,0
old,158,2,0
old,159,2,0
old,160,2,1
old,161,2,0
old,162,2,0
old,163,2,1
old,164,2,1
old,165,2,1
old,166,2,1
old,167,2,0
old,168,2,0
old,169,2,1
old,170,2,0
old,171,2,1
old,172,2,1
old,173,2,1
old,174,2,0
old,175,2,1
old,176,2,1
old,177,2,0
old,178,2,1
old,179,2,0
old,180,2,0
old,181,2,1
old,182,2,1
old,183,2,0
old,184,2,1
old,185,2,1
old,186,2,1
old,187,2,1
old,188,2,1
old,189,2,0
old,190,2,1
old,191,2,1
old,192,2,1
old,193,2,1
old,194,2,0
old,195,2,0
old,196,2,0
old,197,2,0
old,198,2,1
old,199,2,1
old,200,2,0
old,201,2,1
old,202,2,1
old,203,2,1
old,204,2,0
old,205,2,0
old,206,2,1
old,207,2,0
old,208,2,1
old,209,2,0
old,210,2,0
old,211,2,0
old,212,2,0
old,213,2,0
old,214,2,0
old,215,2,0
old,216,2,1
old,217,2,0
old,218,2,0
old,219,2,1
old,220,2,1
old,221,2,0
old,222,2,0
old,223,2,1
old,224,2,1
old,225,2,0
old,226,2,1
old,227,2,0
old,228,2,1
old,229,2,1
old,230,2,1
old,231,2,1
old,232,2,0
old,233,2,0
old,234,2,1
old,235,2,0
old,236,2,1
old,237,2,1
old,238,2,0
old,239,2,1
old,240,2,0
old,241,2,1
old,242,2,1
old,243,2,1
old,244,2,0
old,245,2,1
old,246,2,0
old,247,2,0
old,248,2,1
old,249,2,0
old,250,2,1
old,251,2,1
old,252,2,1
old,253,2,1
old,254,2,0
old,255,2,1
old,256,2,0
old,257,2,0
old,258,2,1
old,259,2,0
old,260,2,1
old,261,2,0
old,262,2,0
old,263,2,1
old,264,2,1
old,265,2,1
old,266,2,1
old,267,2,0
old,268,2,0
old,269,2,1
old,270,2,0
old,271,2,1
old,272,2,0
old,273,2,0
old,274,2,1
old,275,2,1
old,276,2,0
old,277,2,0
old,278,2,0
old,279,2,0
old,280,2,0
old,281,2,1
old,282,2,0
old,283,2,1
old,284,2,0
old,285,2,1
old,286,2,0
old,287,2,0
old,288,2,0
old,289,2,1
old,290,2,1
old,291,2,0
old,292,2,1
old,293,2,0
old,294,2,0
old,295,2,1
old,296,2,1
old,297,2,0
old,298,2,0
old,299,2,0
old,300,2,0
old,301,2,0
old,302,2,0
old,303,2,1
old,304,2,0
old,305,2,1
old,306,2,1
old,307,2,0
old,308,2,1
old,309,2,1
old,310,2,0
old,311,2,0
old,312,2,0
old,313,2,1
old,314,2,0
old,315,2,1
old,316,2,0
old,317,2,1
old,318,2,1
old,319,2,0
old,320,2,1
old,321,2,1
old,322,2,1
old,323,2,1
old,324,2,0
old,325,2,0
old,326,2,1
old,327,2,0
old,328,2,0
old,329,2,1
old,330,2,1
old,331,2,0
old,332,2,1
old,333,2,0
old,334,2,1
old,335,2,1
old,336,2,1
old,337,2,1
old,338,2,1
old,339,2,1
old,340,2,0
old,341,2,1
old,342,2,1
old,343,2,1
old,344,2,1
old,345,2,0
old,346,2,0
old,347,2,0
old,348,2,0
old,349,2,1
old,350,2,1
old,351,2,0
old,352,2,0
old,353,2,0
old,354,2,1
old,355,2,1
old,356,2,1
old,357,2,1
old,358,2,1
old,359,2,0
old,360,2,1
old,361,2,0
old,362,2,0
old,363,2,1
old,364,2,1
old,365,2,0
old,366,2,0
old,367,2,0
old,368,2,1
old,369,2,1
old,370,2,0
old,371,2,1
old,372,2,1
old,373,2,0
old,374,2,1
old,375,2,0
old,376,2,0
old,377,2,0
old,378,2,0
old,379,2,0
old,380,2,1
old,381,2,1
old,382,2,1
old,383,2,1
old,384,2,0
old,385,2,1
old,386,2,0
old,387,2,0
old,388,2,0
old,389,2,0
old,390,2,0
old,391,2,1
old,392,2,1
old,393,2,1
old,394,2,0
old,395,2,1
old,396,2,1
old,397,2,1
old,398,2,0
old,399,2,1
old,400,2,1
old,401,2,1
old,402,2,0
old,403,2,0
old,404,2,1
old,405,2,1
old,406,2,0
old,407,2,0
old,408,2,1
old,409,2,1
old,410,2,0
old,411,2,0
old,412,2,1
old,413,2,1
old,414,2,0
old,415,2,1
old,416,2,0
old,417,2,1
old,418,2,1
old,419,2,0
old,420,2,0
old,421,2,1
old,422,2,1
old,423,2,0
old,424,2,0
old,425,2,0
old,426,2,1
old,427,2,1
old,428,2,1
old,429,2,0
old,430,2,1
old,431,2,0
old,432,2,1
old,433,2,1
old,434,2,1
old,435,2,0
old,436,2,1
old,437,2,1
old,438,2,0
old,439,2,0
old,440,2,1
old,441,2,1
old,442,2,1
old,443,2,1
old,444,2,0
old,445,2,0
old,446,2,0
old,447,2,0
old,448,2,1
old,449,2,0
old,450,2,0
old,451,2,0
old,452,2,0
old,453,2,0
old,454,2,0
old,455,2,0
old,456,2,0
old,457,2,1
old,458,2,0
old,459,2,0
old,460,2,0
old,461,2,1
old,462,2,1
old,463,2,1
old,464,2,1
old,465,2,0
old,466,2,1
old,467,2,1
old,468,2,0
old,469,2,1
old,470,2,1
old,471,2,0
old,472,2,1
old,473,2,0
old,474,2,0
old,475,2,1
old,476,2,0
old,477,2,1
old,478,2,0
old,479,2,1
old,480,2,1
old,481,2,0
old,482,2,0
old,483,2,0
old,484,2,0
old,485,2,1
old,486,2,1
old,487,2,1
old,488,2,0
old,489,2,0
old,490,2,1
old,491,2,0
old,492,2,1
old,493,2,0
old,494,2,1
old,495,2,1
old,496,2,1
old,497,2,0
old,498,2,0
old,499,2,0
old,500,2,0
young,501,2,0
young,502,2,0
young,503,2,0
young,504,2,0
young,505,2,1
young,506,2,1
young,507,2,0
young,508,2,0
young,509,2,0
young,510,2,0
young,511,2,0
young,512,2,0
young,513,2,0
young,514,2,1
young,515,2,0
young,516,2,0
young,517,2,0
young,518,2,1
young,519,2,0
young,520,2,1
young,521,2,0
young,522,2,0
young,523,2,0
young,524,2,0
young,525,2,0
young,526,2,0
young,527,2,0
young,528,2,1
young,529,2,0
young,530,2,1
young,531,2,0
young,532,2,1
young,533,2,1
young,534,2,0
young,535,2,0
young,536,2,1
young,537,2,0
young,538,2,1
young,539,2,1
young,540,2,0
young,541,2,1
young,542,2,0
young,543,2,1
young,544,2,0
young,545,2,1
young,546,2,0
young,547,2,0
young,548,2,0
young,549,2,1
young,550,2,0
young,551,2,1
young,552,2,0
young,553,2,0
young,554,2,0
young,555,2,1
young,556,2,0
young,557,2,0
young,558,2,1
young,559,2,0
young,560,2,0
young,561,2,0
young,562,2,0
young,563,2,1
young,564,2,0
young,565,2,1
young,566,2,1
young,567,2,1
young,568,2,0
young,569,2,0
young,570,2,0
young,571,2,0
young,572,2,0
young,573,2,1
young,574,2,0
young,575,2,1
young,576,2,1
young,577,2,1
young,578,2,1
young,579,2,0
young,580,2,0
young,581,2,0
young,582,2,0
young,583,2,1
young,584,2,1
young,585,2,1
young,586,2,1
young,587,2,1
young,588,2,1
young,589,2,1
young,590,2,0
young,591,2,0
young,592,2,0
young,593,2,0
young,594,2,0
young,595,2,0
young,596,2,1
young,597,2,0
young,598,2,0
young,599,2,1
young,600,2,0
young,601,2,0
young,602,2,0
young,603,2,1
young,604,2,0
young,605,2,0
young,606,2,0
young,607,2,0
young,608,2,0
young,609,2,1
young,610,2,0
young,611,2,0
young,612,2,1
young,613,2,0
young,614,2,0
young,615,2,0
young,616,2,0
young,617,2,0
young,618,2,0
young,619,2,0
young,620,2,0
young,621,2,0
young,622,2,0
young,623,2,1
young,624,2,0
young,625,2,1
young,626,2,0
young,627,2,1
young,628,2,0
young,629,2,0
young,630,2,1
young,631,2,0
young,632,2,1
young,633,2,0
young,634,2,0
young,635,2,0
young,636,2,0
young,637,2,0
young,638,2,0
young,639,2,0
young,640,2,1
young,641,2,0
young,642,2,0
young,643,2,1
young,644,2,0
young,645,2,0
young,646,2,1
young,647,2,0
young,648,2,0
young,649,2,0
young,650,2,0
young,651,2,0
young,652,2,0
young,653,2,1
young,654,2,0
young,655,2,0
young,656,2,0
young,657,2,0
young,658,2,0
young,659,2,0
young,660,2,0
young,661,2,0
young,662,2,0
young,663,2,0
young,664,2,0
young,665,2,0
young,666,2,1
young,667,2,0
young,668,2,1
young,669,2,0
young,670,2,1
young,671,2,0
young,672,2,1
young,673,2,0
young,674,2,0
young,675,2,1
young,676,2,0
young,677,2,0
young,678,2,0
young,679,2,0
young,680,2,0
young,681,2,0
young,682,2,0
young,683,2,0
young,684,2,0
young,685,2,0
young,686,2,0
young,687,2,0
young,688,2,0
young,689,2,1
young,690,2,0
young,691,2,1
young,692,2,0
young,693,2,0
young,694,2,0
young,695,2,0
young,696,2,1
young,697,2,0
young,698,2,0
young,699,2,0
young,700,2,1
young,701,2,0
young,702,2,1
young,703,2,1
young,704,2,0
young,705,2,0
young,706,2,0
young,707,2,0
young,708,2,1
young,709,2,0
young,710,2,1
young,711,2,1
young,712,2,0
young,713,2,0
young,714,2,0
young,715,2,0
young,716,2,0
young,717,2,0
young,718,2,1
young,719,2,0
young,720,2,0
young,721,2,0
young,722,2,0
young,723,2,0
young,724,2,0
young,725,2,0
young,726,2,1
young,727,2,0
young,728,2,1
young,729,2,1
young,730,2,0
young,731,2,0
young,732,2,1
young,733,2,0
young,734,2,0
young,735,2,0
young,736,2,0
young,737,2,0
young,738,2,0
young,739,2,0
young,740,2,0
young,741,2,0
young,742,2,0
young,743,2,0
young,744,2,0
young,745,2,0
young,746,2,0
young,747,2,1
young,748,2,0
young,749,2,1
young,750,2,1
young,751,2,0
young,752,2,0
young,753,2,0
young,754,2,0
young,755,2,0
young,756,2,0
young,757,2,1
young,758,2,1
young,759,2,0
young,760,2,0
young,761,2,0
young,762,2,0
young,763,2,0
young,764,2,0
young,765,2,0
young,766,2,1
young,767,2,0
young,768,2,1
young,769,2,1
young,770,2,0
young,771,2,0
young,772,2,0
young,773,2,0
young,774,2,0
young,775,2,0
young,776,2,0
young,777,2,1
young,778,2,0
young,779,2,0
young,780,2,1
young,781,2,0
young,782,2,0
young,783,2,0
young,784,2,1
young,785,2,1
young,786,2,0
young,787,2,1
young,788,2,0
young,789,2,0
young,790,2,0
young,791,2,0
young,792,2,1
young,793,2,0
young,794,2,0
young,795,2,1
young,796,2,0
young,797,2,0
young,798,2,0
young,799,2,0
young,800,2,0
young,801,2,1
young,802,2,0
young,803,2,1
young,804,2,0
young,805,2,0
young,806,2,1
young,807,2,0
young,808,2,0
young,809,2,0
young,810,2,0
young,811,2,0
young,812,2,0
young,813,2,1
young,814,2,0
young,815,2,0
young,816,2,0
young,817,2,0
young,818,2,0
young,819,2,0
young,820,2,0
young,821,2,1
young,822,2,0
young,823,2,0
young,824,2,0
young,825,2,0
young,826,2,0
young,827,2,0
young,828,2,1
young,829,2,0
young,830,2,0
young,831,2,0
young,832,2,1
young,833,2,1
young,834,2,0
young,835,2,1
young,836,2,1
young,837,2,1
young,838,2,1
young,839,2,1
young,840,2,0
young,841,2,1
young,842,2,0
young,843,2,1
young,844,2,0
young,845,2,1
young,846,2,0
young,847,2,1
young,848,2,1
young,849,2,0
young,850,2,1
young,851,2,0
young,852,2,1
young,853,2,0
young,854,2,0
young,855,2,0
young,856,2,0
young,857,2,0
young,858,2,0
young,859,2,0
young,860,2,0
young,861,2,0
young,862,2,0
young,863,2,0
young,864,2,0
young,865,2,1
young,866,2,1
young,867,2,1
young,868,2,0
young,869,2,1
young,870,2,0
young,871,2,1
young,872,2,1
young,873,2,1
young,874,2,0
young,875,2,0
young,876,2,0
young,877,2,1
young,878,2,0
young,879,2,1
young,880,2,0
young,881,2,0
young,882,2,1
young,883,2,0
young,884,2,0
young,885,2,0
young,886,2,0
young,887,2,0
young,888,2,1
young,889,2,0
young,890,2,0
young,891,2,0
young,892,2,1
young,893,2,1
young,894,2,0
young,895,2,0
young,896,2,0
young,897,2,0
young,898,2,1
young,899,2,0
young,900,2,1
young,901,2,0
young,902,2,0
young,903,2,0
young,904,2,0
young,905,2,0
young,906,2,0
young,907,2,1
young,908,2,1
young,909,2,0
young,910,2,0
young,911,2,0
young,912,2,0
young,913,2,0
young,914,2,0
young,915,2,1
young,916,2,1
young,917,2,0
young,918,2,0
young,919,2,1
young,920,2,1
young,921,2,0
young,922,2,0
young,923,2,1
young,924,2,1
young,925,2,1
young,926,2,1
young,927,2,0
young,928,2,0
young,929,2,0
young,930,2,0
young,931,2,1
young,932,2,1
young,933,2,0
young,934,2,0
young,935,2,1
young,936,2,1
young,937,2,0
young,938,2,0
young,939,2,0
young,940,2,0
young,941,2,0
young,942,2,1
young,943,2,0
young,944,2,0
young,945,2,0
young,946,2,0
young,947,2,0
young,948,2,1
young,949,2,1
young,950,2,1
young,951,2,0
young,952,2,0
young,953,2,1
young,954,2,0
young,955,2,0
young,956,2,1
young,957,2,0
young,958,2,0
young,959,2,0
young,960,2,0
young,961,2,0
young,962,2,0
young,963,2,0
young,964,2,1
young,965,2,0
young,966,2,0
young,967,2,1
young,968,2,0
young,969,2,1
young,970,2,0
young,971,2,1
young,972,2,0
young,973,2,0
young,974,2,0
young,975,2,0
young,976,2,0
young,977,2,0
young,978,2,0
young,979,2,1
young,980,2,0
young,981,2,1
young,982,2,0
young,983,2,0
young,984,2,1
young,985,2,0
young,986,2,0
young,987,2,1
young,988,2,0
young,989,2,1
young,990,2,1
young,991,2,0
young,992,2,0
young,993,2,0
young,994,2,1
young,995,2,1
young,996,2,0
young,997,2,0
young,998,2,0
young,999,2,0
young,1000,2,0
old,1,3,1
old,2,3,1
old,3,3,1
old,4,3,1
old,5,3,0
old,6,3,0
old,7,3,1
old,8,3,0
old,9,3,1
old,10,3,0
old,11,3,0
old,12,3,1
old,13,3,1
old,14,3,0
old,15,3,0
old,16,3,0
old,17,3,0
old,18,3,0
old,19,3,1
old,20,3,0
old,21,3,1
old,22,3,1
old,23,3,0
old,24,3,0
old,25,3,0
old,26,3,1
old,27,3,0
old,28,3,0
old,29,3,1
old,30,3,1
old,31,3,1
old,32,3,0
old,33,3,0
old,34,3,1
old,35,3,0
old,36,3,0
old,37,3,0
old,38,3,1
old,39,3,1
old,40,3,0
old,41,3,0
old,42,3,0
old,43,3,1
old,44,3,0
old,45,3,1
old,46,3,0
old,47,3,1
old,48,3,1
old,49,3,1
old,50,3,1
old,51,3,0
old,52,3,1
old,53,3,0
old,54,3,0
old,55,3,1
old,56,3,1
old,57,3,0
old,58,3,0
old,59,3,1
old,60,3,0
old,61,3,1
old,62,3,1
old,63,3,1
old,64,3,1
old,65,3,0
old,66,3,1
old,67,3,0
old,68,3,1
old,69,3,1
old,70,3,0
old,71,3,1
old,72,3,1
old,73,3,1
old,74,3,1
old,75,3,1
old,76,3,0
old,77,3,1
old,78,3,0
old,79,3,1
old,80,3,0
old,81,3,1
old,82,3,1
old,83,3,1
old,84,3,0
old,85,3,0
old,86,3,1
old,87,3,0
old,88,3,1
old,89,3,1
old,90,3,1
old,91,3,1
old,92,3,1
old,93,3,1
old,94,3,0
old,95,3,1
old,96,3,0
old,97,3,0
old,98,3,1
old,99,3,0
old,100,3,0
old,101,3,0
old,102,3,1
old,103,3,0
old,104,3,0
old,105,3,0
old,106,3,1
old,107,3,1
old,108,3,1
old,109,3,1
old,110,3,1
old,111,3,0
old,112,3,0
old,113,3,1
old,114,3,1
old,115,3,0
old,116,3,0
old,117,3,1
old,118,3,1
old,119,3,0
old,120,3,1
old,121,3,0
old,122,3,1
old,123,3,1
old,124,3,0
old,125,3,1
old,126,3,1
old,127,3,0
old,128,3,0
old,129,3,0
old,130,3,1
old,131,3,0
old,132,3,1
old,133,3,1
old,134,3,0
old,135,3,0
old,136,3,0
old,137,3,0
old,138,3,1
old,139,3,0
old,140,3,0
old,141,3,0
old,142,3,0
old,143,3,0
old,144,3,0
old,145,3,0
old,146,3,0
old,147,3,1
old,148,3,0
old,149,3,1
old,150,3,0
old,151,3,0
old,152,3,1
old,153,3,0
old,154,3,0
old,155,3,0
old,156,3,0
old,157,3,1
old,158,3,0
old,159,3,0
old,160,3,1
old,161,3,1
old,162,3,1
old,163,3,1
old,164,3,0
old,165,3,1
old,166,3,1
old,167,3,1
old,168,3,0
old,169,3,0
old,170,3,0
old,171,3,1
old,172,3,0
old,173,3,1
old,174,3,1
old,175,3,0
old,176,3,0
old,177,3,1
old,178,3,1
old,179,3,1
old,180,3,1
old,181,3,1
old,182,3,1
old,183,3,1
old,184,3,0
old,185,3,0
old,186,3,1
old,187,3,1
old,188,3,0
old,189,3,0
old,190,3,0
old,191,3,0
old,192,3,1
old,193,3,1
old,194,3,1
old,195,3,1
old,196,3,0
old,197,3,1
old,198,3,0
old,199,3,1
old,200,3,0
old,201,3,1
old,202,3,1
old,203,3,0
old,204,3,0
old,205,3,1
old,206,3,1
old,207,3,1
old,208,3,0
old,209,3,1
old,210,3,0
old,211,3,1
old,212,3,1
old,213,3,0
old,214,3,0
old,215,3,0
old,216,3,1
old,217,3,0
old,218,3,0
old,219,3,1
old,220,3,0
old,221,3,0
old,222,3,1
old,223,3,1
old,224,3,0
old,225,3,0
old,226,3,1
old,227,3,1
old,228,3,0
old,229,3,0
old,230,3,1
old,231,3,1
old,232,3,0
old,233,3,0
old,234,3,0
old,235,3,0
old,236,3,1
old,237,3,1
old,238,3,0
old,239,3,0
old,240,3,1
old,241,3,1
old,242,3,0
old,243,3,0
old,244,3,0
old,245,3,0
old,246,3,0
old,247,3,0
old,248,3,0
old,249,3,1
old,250,3,1
old,251,3,0
old,252,3,1
old,253,3,0
old,254,3,0
old,255,3,0
old,256,3,0
old,257,3,0
old,258,3,0
old,259,3,0
old,260,3,1
old,261,3,1
old,262,3,0
old,263,3,0
old,264,3,0
old,265,3,1
old,266,3,1
old,267,3,0
old,268,3,1
old,269,3,0
old,270,3,1
old,271,3,1
old,272,3,1
old,273,3,0
old,274,3,1
old,275,3,0
old,276,3,1
old,277,3,1
old,278,3,1
old,279,3,0
old,280,3,1
old,281,3,1
old,282,3,1
old,283,3,1
old,284,3,0
old,285,3,0
old,286,3,1
old,287,3,1
old,288,3,1
old,289,3,1
old,290,3,0
old,291,3,0
old,292,3,1
old,293,3,0
old,294,3,0
old,295,3,1
old,296,3,1
old,297,3,1
old,298,3,1
old,299,3,0
old,300,3,1
old,301,3,0
old,302,3,1
old,303,3,1
old,304,3,1
old,305,3,1
old,306,3,1
old,307,3,0
old,308,3,1
old,309,3,0
old,310,3,1
old,311,3,0
old,312,3,0
old,313,3,0
old,314,3,0
old,315,3,0
old,316,3,1
old,317,3,0
old,318,3,0
old,319,3,0
old,320,3,1
old,321,3,1
old,322,3,1
old,323,3,1
old,324,3,0
old,325,3,1
old,326,3,0
old,327,3,0
old,328,3,1
old,329,3,0
old,330,3,1
old,331,3,0
old,332,3,0
old,333,3,1
old,334,3,0
old,335,3,0
old,336,3,1
old,337,3,0
old,338,3,0
old,339,3,0
old,340,3,1
old,341,3,1
old,342,3,0
old,343,3,0
old,344,3,1
old,345,3,0
old,346,3,1
old,347,3,1
old,348,3,1
old,349,3,1
old,350,3,1
old,351,3,1
old,352,3,1
old,353,3,0
old,354,3,1
old,355,3,1
old,356,3,0
old,357,3,0
old,358,3,1
old,359,3,0
old,360,3,0
old,361,3,1
old,362,3,0
old,363,3,0
old,364,3,0
old,365,3,0
old,366,3,1
old,367,3,0
old,368,3,1
old,369,3,1
old,370,3,0
old,371,3,1
old,372,3,1
old,373,3,0
old,374,3,0
old,375,3,0
old,376,3,1
old,377,3,1
old,378,3,1
old,379,3,0
old,380,3,1
old,381,3,1
old,382,3,1
old,383,3,0
old,384,3,1
old,385,3,0
old,386,3,1
old,387,3,0
old,388,3,0
old,389,3,0
old,390,3,0
old,391,3,1
old,392,3,1
old,393,3,1
old,394,3,0
old,395,3,0
old,396,3,0
old,397,3,0
old,398,3,0
old,399,3,0
old,400,3,0
old,401,3,0
old,402,3,0
old,403,3,1
old,404,3,1
old,405,3,0
old,406,3,0
old,407,3,0
old,408,3,1
old,409,3,1
old,410,3,0
old,411,3,1
old,412,3,1
old,413,3,1
old,414,3,0
old,415,3,0
old,416,3,0
old,417,3,1
old,418,3,1
old,419,3,1
old,420,3,1
old,421,3,0
old,422,3,1
old,423,3,1
old,424,3,0
old,425,3,1
old,426,3,1
old,427,3,0
old,428,3,0
old,429,3,1
old,430,3,0
old,431,3,0
old,432,3,1
old,433,3,1
old,434,3,0
old,435,3,1
old,436,3,1
old,437,3,1
old,438,3,1
old,439,3,0
old,440,3,1
old,441,3,0
old,442,3,1
old,443,3,1
old,444,3,1
old,445,3,1
old,446,3,0
old,447,3,0
old,448,3,1
old,449,3,1
old,450,3,0
old,451,3,1
old,452,3,1
old,453,3,0
old,454,3,1
old,455,3,0
old,456,3,0
old,457,3,1
old,458,3,0
old,459,3,0
old,460,3,0
old,461,3,0
old,462,3,1
old,463,3,1
old,464,3,1
old,465,3,1
old,466,3,0
old,467,3,0
old,468,3,1
old,469,3,0
old,470,3,1
old,471,3,1
old,472,3,0
old,473,3,1
old,474,3,0
old,475,3,1
old,476,3,0
old,477,3,0
old,478,3,0
old,479,3,0
old,480,3,0
old,481,3,0
old,482,3,0
old,483,3,1
old,484,3,0
old,485,3,0
old,486,3,1
old,487,3,0
old,488,3,0
old,489,3,0
old,490,3,1
old,491,3,0
old,492,3,1
old,493,3,1
old,494,3,0
old,495,3,1
old,496,3,1
old,497,3,0
old,498,3,1
old,499,3,0
old,500,3,0
young,501,3,1
young,502,3,0
young,503,3,0
young,504,3,0
young,505,3,1
young,506,3,1
young,507,3,0
young,508,3,0
young,509,3,1
young,510,3,1
young,511,3,0
young,512,3,0
young,513,3,0
young,514,3,1
young,515,3,1
young,516,3,1
young,517,3,0
young,518,3,0
young,519,3,0
young,520,3,1
young,521,3,0
young,522,3,0
young,523,3,0
young,524,3,0
young,525,3,0
young,526,3,0
young,527,3,0
young,528,3,0
young,529,3,0
young,530,3,0
young,531,3,0
young,532,3,0
young,533,3,0
young,534,3,0
young,535,3,1
young,536,3,0
young,537,3,0
young,538,3,0
young,539,3,1
young,540,3,0
young,541,3,0
young,542,3,0
young,543,3,1
young,544,3,0
young,545,3,1
young,546,3,0
young,547,3,0
young,548,3,0
young,549,3,0
young,550,3,1
young,551,3,0
young,552,3,0
young,553,3,0
young,554,3,0
young,555,3,1
young,556,3,0
young,557,3,0
young,558,3,0
young,559,3,1
young,560,3,0
young,561,3,0
young,562,3,1
young,563,3,1
young,564,3,0
young,565,3,0
young,566,3,0
young,567,3,1
young,568,3,0
young,569,3,1
young,570,3,1
young,571,3,0
young,572,3,0
young,573,3,0
young,574,3,0
young,575,3,1
young,576,3,1
young,577,3,0
young,578,3,1
young,579,3,0
young,580,3,0
young,581,3,0
young,582,3,0
young,583,3,1
young,584,3,1
young,585,3,0
young,586,3,1
young,587,3,0
young,588,3,1
young,589,3,0
young,590,3,0
young,591,3,0
young,592,3,0
young,593,3,1
young,594,3,1
young,595,3,0
young,596,3,0
young,597,3,0
young,598,3,0
young,599,3,1
young,600,3,1
young,601,3,0
young,602,3,0
young,603,3,0
young,604,3,0
young,605,3,1
young,606,3,0
young,607,3,0
young,608,3,0
young,609,3,1
young,610,3,1
young,611,3,0
young,612,3,0
young,613,3,1
young,614,3,0
young,615,3,1
young,616,3,0
young,617,3,0
young,618,3,0
young,619,3,0
young,620,3,0
young,621,3,0
young,622,3,0
young,623,3,1
young,624,3,0
young,625,3,0
young,626,3,0
young,627,3,1
young,628,3,1
young,629,3,0
young,630,3,1
young,631,3,0
young,632,3,1
young,633,3,1
young,634,3,1
young,635,3,0
young,636,3,0
young,637,3,1
young,638,3,1
young,639,3,0
young,640,3,1
young,641,3,0
young,642,3,0
young,643,3,0
young,644,3,1
young,645,3,0
young,646,3,0
young,647,3,1
young,648,3,0
young,649,3,0
young,650,3,0
young,651,3,0
young,652,3,0
young,653,3,1
young,654,3,0
young,655,3,1
young,656,3,0
young,657,3,0
young,658,3,0
young,659,3,0
young,660,3,0
young,661,3,0
young,662,3,0
young,663,3,1
young,664,3,0
young,665,3,0
young,666,3,0
young,667,3,0
young,668,3,0
young,669,3,1
young,670,3,1
young,671,3,0
young,672,3,0
young,673,3,0
young,674,3,0
young,675,3,1
young,676,3,0
young,677,3,0
young,678,3,0
young,679,3,0
young,680,3,0
young,681,3,0
young,682,3,0
young,683,3,0
young,684,3,0
young,685,3,0
young,686,3,0
young,687,3,1
young,688,3,1
young,689,3,0
young,690,3,0
young,691,3,0
young,692,3,1
young,693,3,0
young,694,3,1
young,695,3,0
young,696,3,1
young,697,3,0
young,698,3,1
young,699,3,0
young,700,3,0
young,701,3,0
young,702,3,1
young,703,3,0
young,704,3,1
young,705,3,0
young,706,3,0
young,707,3,0
young,708,3,0
young,709,3,1
young,710,3,1
young,711,3,1
young,712,3,0
young,713,3,0
young,714,3,0
young,715,3,0
young,716,3,0
young,717,3,0
young,718,3,1
young,719,3,0
young,720,3,1
young,721,3,1
young,722,3,0
young,723,3,0
young,724,3,0
young,725,3,0
young,726,3,1
young,727,3,0
young,728,3,1
young,729,3,1
young,730,3,1
young,731,3,1
young,732,3,0
young,733,3,0
young,734,3,0
young,735,3,0
young,736,3,0
young,737,3,0
young,738,3,0
young,739,3,1
young,740,3,0
young,741,3,0
young,742,3,0
young,743,3,1
young,744,3,0
young,745,3,0
young,746,3,0
young,747,3,0
young,748,3,0
young,749,3,1
young,750,3,1
young,751,3,0
young,752,3,0
young,753,3,0
young,754,3,0
young,755,3,0
young,756,3,0
young,757,3,0
young,758,3,1
young,759,3,0
young,760,3,0
young,761,3,0
young,762,3,0
young,763,3,0
young,764,3,0
young,765,3,1
young,766,3,0
young,767,3,0
young,768,3,1
young,769,3,0
young,770,3,1
young,771,3,0
young,772,3,0
young,773,3,1
young,774,3,1
young,775,3,0
young,776,3,0
young,777,3,1
young,778,3,0
young,779,3,0
young,780,3,0
young,781,3,0
young,782,3,0
young,783,3,0
young,784,3,0
young,785,3,1
young,786,3,0
young,787,3,1
young,788,3,0
young,789,3,1
young,790,3,1
young,791,3,0
young,792,3,1
young,793,3,0
young,794,3,0
young,795,3,0
young,796,3,0
young,797,3,1
young,798,3,0
young,799,3,0
young,800,3,1
young,801,3,0
young,802,3,0
young,803,3,0
young,804,3,0
young,805,3,0
young,806,3,1
young,807,3,0
young,808,3,1
young,809,3,0
young,810,3,1
young,811,3,1
young,812,3,1
young,813,3,0
young,814,3,0
young,815,3,0
young,816,3,1
young,817,3,0
young,818,3,0
young,819,3,0
young,820,3,1
young,821,3,0
young,822,3,1
young,823,3,0
young,824,3,1
young,825,3,0
young,826,3,0
young,827,3,0
young,828,3,0
young,829,3,0
young,830,3,0
young,831,3,0
young,832,3,1
young,833,3,0
young,834,3,0
young,835,3,0
young,836,3,0
young,837,3,1
young,838,3,0
young,839,3,0
young,840,3,0
young,841,3,1
young,842,3,0
young,843,3,1
young,844,3,0
young,845,3,0
young,846,3,0
young,847,3,0
young,848,3,1
young,849,3,0
young,850,3,0
young,851,3,0
young,852,3,1
young,853,3,0
young,854,3,0
young,855,3,1
young,856,3,0
young,857,3,1
young,858,3,1
young,859,3,1
young,860,3,0
young,861,3,0
young,862,3,1
young,863,3,1
young,864,3,0
young,865,3,1
young,866,3,1
young,867,3,1
young,868,3,0
young,869,3,0
young,870,3,0
young,871,3,1
young,872,3,0
young,873,3,0
young,874,3,0
young,875,3,0
young,876,3,0
young,877,3,1
young,878,3,1
young,879,3,0
young,880,3,0
young,881,3,0
young,882,3,0
young,883,3,0
young,884,3,0
young,885,3,0
young,886,3,1
young,887,3,1
young,888,3,1
young,889,3,0
young,890,3,0
young,891,3,0
young,892,3,1
young,893,3,0
young,894,3,0
young,895,3,0
young,896,3,0
young,897,3,1
young,898,3,1
young,899,3,0
young,900,3,0
young,901,3,1
young,902,3,0
young,903,3,0
young,904,3,0
young,905,3,0
young,906,3,0
young,907,3,1
young,908,3,0
young,909,3,0
young,910,3,1
young,911,3,0
young,912,3,0
young,913,3,0
young,914,3,1
young,915,3,1
young,916,3,0
young,917,3,0
young,918,3,1
young,919,3,0
young,920,3,0
young,921,3,1
young,922,3,1
young,923,3,0
young,924,3,0
young,925,3,1
young,926,3,1
young,927,3,1
young,928,3,0
young,929,3,0
young,930,3,0
young,931,3,0
young,932,3,1
young,933,3,0
young,934,3,0
young,935,3,1
young,936,3,0
young,937,3,0
young,938,3,0
young,939,3,0
young,940,3,0
young,941,3,0
young,942,3,1
young,943,3,1
young,944,3,0
young,945,3,1
young,946,3,0
young,947,3,1
young,948,3,1
young,949,3,0
young,950,3,1
young,951,3,0
young,952,3,1
young,953,3,1
young,954,3,1
young,955,3,0
young,956,3,1
young,957,3,0
young,958,3,1
young,959,3,1
young,960,3,0
young,961,3,1
young,962,3,0
young,963,3,0
young,964,3,0
young,965,3,0
young,966,3,0
young,967,3,1
young,968,3,0
young,969,3,1
young,970,3,1
young,971,3,0
young,972,3,1
young,973,3,1
young,974,3,0
young,975,3,0
young,976,3,0
young,977,3,0
young,978,3,0
young,979,3,1
young,980,3,1
young,981,3,1
young,982,3,0
young,983,3,1
young,984,3,1
young,985,3,0
young,986,3,1
young,987,3,0
young,988,3,1
young,989,3,1
young,990,3,0
young,991,3,0
young,992,3,0
young,993,3,0
young,994,3,1
young,995,3,1
young,996,3,0
young,997,3,0
young,998,3,0
young,999,3,0
young,1000,3,0
old,1,4,0
old,2,4,0
old,3,4,1
old,4,4,1
old,5,4,1
old,6,4,0
old,7,4,1
old,8,4,0
old,9,4,0
old,10,4,0
old,11,4,1
old,12,4,1
old,13,4,1
old,14,4,1
old,15,4,1
old,16,4,0
old,17,4,1
old,18,4,1
old,19,4,0
old,20,4,1
old,21,4,1
old,22,4,1
old,23,4,0
old,24,4,0
old,25,4,0
old,26,4,1
old,27,4,0
old,28,4,1
old,29,4,0
old,30,4,1
old,31,4,1
old,32,4,1
old,33,4,1
old,34,4,0
old,35,4,0
old,36,4,1
old,37,4,0
old,38,4,1
old,39,4,1
old,40,4,0
old,41,4,1
old,42,4,0
old,43,4,1
old,44,4,1
old,45,4,1
old,46,4,0
old,47,4,0
old,48,4,1
old,49,4,1
old,50,4,0
old,51,4,1
old,52,4,0
old,53,4,1
old,54,4,1
old,55,4,1
old,56,4,1
old,57,4,0
old,58,4,0
old,59,4,1
old,60,4,0
old,61,4,0
old,62,4,0
old,63,4,1
old,64,4,0
old,65,4,1
old,66,4,1
old,67,4,1
old,68,4,0
old,69,4,1
old,70,4,1
old,71,4,1
old,72,4,0
old,73,4,1
old,74,4,0
old,75,4,1
old,76,4,1
old,77,4,1
old,78,4,1
old,79,4,1
old,80,4,0
old,81,4,1
old,82,4,1
old,83,4,1
old,84,4,0
old,85,4,1
old,86,4,1
old,87,4,1
old,88,4,1
old,89,4,1
old,90,4,0
old,91,4,0
old,92,4,0
old,93,4,1
old,94,4,0
old,95,4,1
old,96,4,1
old,97,4,0
old,98,4,0
old,99,4,0
old,100,4,1
old,101,4,0
old,102,4,0
old,103,4,1
old,104,4,1
old,105,4,0
old,106,4,1
old,107,4,0
old,108,4,1
old,109,4,1
old,110,4,0
old,111,4,0
old,112,4,1
old,113,4,0
old,114,4,0
old,115,4,0
old,116,4,0
old,117,4,0
old,118,4,0
old,119,4,1
old,120,4,0
old,121,4,0
old,122,4,0
old,123,4,1
old,124,4,0
old,125,4,1
old,126,4,0
old,127,4,1
old,128,4,0
old,129,4,0
old,130,4,0
old,131,4,0
old,132,4,1
old,133,4,1
old,134,4,0
old,135,4,1
old,136,4,0
old,137,4,0
old,138,4,0
old,139,4,1
old,140,4,1
old,141,4,0
old,142,4,0
old,143,4,0
old,144,4,0
old,145,4,0
old,146,4,1
old,147,4,0
old,148,4,0
old,149,4,0
old,150,4,0
old,151,4,0
old,152,4,0
old,153,4,1
old,154,4,0
old,155,4,0
old,156,4,0
old,157,4,0
old,158,4,0
old,159,4,0
old,160,4,1
old,161,4,0
old,162,4,0
old,163,4,0
old,164,4,0
old,165,4,0
old,166,4,1
old,167,4,0
old,168,4,0
old,169,4,0
old,170,4,1
old,171,4,1
old,172,4,1
old,173,4,0
old,174,4,1
old,175,4,1
old,176,4,0
old,177,4,1
old,178,4,1
old,179,4,1
old,180,4,1
old,181,4,0
old,182,4,1
old,183,4,0
old,184,4,0
old,185,4,0
old,186,4,1
old,187,4,1
old,188,4,0
old,189,4,1
old,190,4,0
old,191,4,1
old,192,4,1
old,193,4,0
old,194,4,1
old,195,4,0
old,196,4,1
old,197,4,1
old,198,4,0
old,199,4,0
old,200,4,1
old,201,4,0
old,202,4,1
old,203,4,1
old,204,4,0
old,205,4,0
old,206,4,1
old,207,4,1
old,208,4,1
old,209,4,0
old,210,4,0
old,211,4,0
old,212,4,0
old,213,4,0
old,214,4,0
old,215,4,0
old,216,4,1
old,217,4,1
old,218,4,1
old,219,4,0
old,220,4,0
old,221,4,0
old,222,4,1
old,223,4,0
old,224,4,0
old,225,4,0
old,226,4,1
old,227,4,0
old,228,4,0
old,229,4,1
old,230,4,1
old,231,4,0
old,232,4,0
old,233,4,0
old,234,4,0
old,235,4,0
old,236,4,0
old,237,4,1
old,238,4,0
old,239,4,1
old,240,4,0
old,241,4,1
old,242,4,1
old,243,4,0
old,244,4,0
old,245,4,1
old,246,4,0
old,247,4,1
old,248,4,0
old,249,4,1
old,250,4,1
old,251,4,1
old,252,4,1
old,253,4,1
old,254,4,0
old,255,4,1
old,256,4,1
old,257,4,0
old,258,4,1
old,259,4,1
old,260,4,0
old,261,4,0
old,262,4,0
old,263,4,0
old,264,4,1
old,265,4,1
old,266,4,1
old,267,4,0
old,268,4,0
old,269,4,1
old,270,4,0
old,271,4,0
old,272,4,0
old,273,4,0
old,274,4,1
old,275,4,0
old,276,4,0
old,277,4,1
old,278,4,0
old,279,4,0
old,280,4,1
old,281,4,0
old,282,4,0
old,283,4,1
old,284,4,1
old,285,4,0
old,286,4,1
old,287,4,1
old,288,4,0
old,289,4,1
old,290,4,1
old,291,4,0
old,292,4,1
old,293,4,0
old,294,4,0
old,295,4,1
old,296,4,1
old,297,4,1
old,298,4,1
old,299,4,1
old,300,4,0
old,301,4,1
old,302,4,0
old,303,4,1
old,304,4,0
old,305,4,1
old,306,4,1
old,307,4,0
old,308,4,0
old,309,4,0
old,310,4,0
old,311,4,0
old,312,4,0
old,313,4,1
old,314,4,1
old,315,4,0
old,316,4,0
old,317,4,0
old,318,4,0
old,319,4,0
old,320,4,0
old,321,4,1
old,322,4,0
old,323,4,1
old,324,4,0
old,325,4,0
old,326,4,1
old,327,4,1
old,328,4,1
old,329,4,0
old,330,4,1
old,331,4,0
old,332,4,0
old,333,4,0
old,334,4,0
old,335,4,1
old,336,4,1
old,337,4,1
old,338,4,1
old,339,4,1
old,340,4,1
old,341,4,1
old,342,4,0
old,343,4,1
old,344,4,0
old,345,4,1
old,346,4,0
old,347,4,1
old,348,4,1
old,349,4,1
old,350,4,1
old,351,4,1
old,352,4,1
old,353,4,0
old,354,4,0
old,355,4,1
old,356,4,1
old,357,4,0
old,358,4,0
old,359,4,0
old,360,4,0
old,361,4,0
old,362,4,1
old,363,4,1
old,364,4,0
old,365,4,1
old,366,4,1
old,367,4,1
old,368,4,0
old,369,4,1
old,370,4,0
old,371,4,0
old,372,4,1
old,373,4,1
old,374,4,0
old,375,4,0
old,376,4,0
old,377,4,1
old,378,4,0
old,379,4,1
old,380,4,0
old,381,4,1
old,382,4,1
old,383,4,0
old,384,4,1
old,385,4,1
old,386,4,0
old,387,4,0
old,388,4,1
old,389,4,0
old,390,4,0
old,391,4,0
old,392,4,1
old,393,4,1
old,394,4,0
old,395,4,0
old,396,4,0
old,397,4,1
old,398,4,1
old,399,4,0
old,400,4,1
old,401,4,1
old,402,4,1
old,403,4,0
old,404,4,0
old,405,4,0
old,406,4,0
old,407,4,1
old,408,4,1
old,409,4,1
old,410,4,0
old,411,4,0
old,412,4,0
old,413,4,1
old,414,4,0
old,415,4,1
old,416,4,1
old,417,4,1
old,418,4,0
old,419,4,1
old,420,4,1
old,421,4,1
old,422,4,0
old,423,4,1
old,424,4,1
old,425,4,1
old,426,4,1
old,427,4,0
old,428,4,0
old,429,4,0
old,430,4,0
old,431,4,1
old,432,4,1
old,433,4,0
old,434,4,0
old,435,4,1
old,436,4,0
old,437,4,1
old,438,4,0
old,439,4,0
old,440,4,1
old,441,4,0
old,442,4,1
old,443,4,0
old,444,4,1
old,445,4,0
old,446,4,0
old,447,4,0
old,448,4,1
old,449,4,1
old,450,4,0
old,451,4,1
old,452,4,0
old,453,4,1
old,454,4,0
old,455,4,0
old,456,4,1
old,457,4,0
old,458,4,0
old,459,4,0
old,460,4,0
old,461,4,0
old,462,4,1
old,463,4,1
old,464,4,1
old,465,4,1
old,466,4,1
old,467,4,0
old,468,4,0
old,469,4,1
old,470,4,0
old,471,4,1
old,472,4,0
old,473,4,1
old,474,4,1
old,475,4,1
old,476,4,1
old,477,4,0
old,478,4,0
old,479,4,1
old,480,4,0
old,481,4,1
old,482,4,0
old,483,4,0
old,484,4,1
old,485,4,1
old,486,4,0
old,487,4,1
old,488,4,0
old,489,4,1
old,490,4,1
old,491,4,0
old,492,4,1
old,493,4,0
old,494,4,1
old,495,4,1
old,496,4,0
old,497,4,0
old,498,4,0
old,499,4,0
old,500,4,0
young,501,4,0
young,502,4,1
young,503,4,0
young,504,4,0
young,505,4,0
young,506,4,1
young,507,4,0
young,508,4,0
young,509,4,1
young,510,4,0
young,511,4,0
young,512,4,0
young,513,4,0
young,514,4,0
young,515,4,0
young,516,4,0
young,517,4,0
young,518,4,1
young,519,4,1
young,520,4,0
young,521,4,0
young,522,4,0
young,523,4,0
young,524,4,1
young,525,4,0
young,526,4,0
young,527,4,0
young,528,4,1
young,529,4,1
young,530,4,1
young,531,4,0
young,532,4,1
young,533,4,1
young,534,4,0
young,535,4,1
young,536,4,0
young,537,4,0
young,538,4,1
young,539,4,1
young,540,4,0
young,541,4,0
young,542,4,0
young,543,4,0
young,544,4,0
young,545,4,0
young,546,4,1
young,547,4,0
young,548,4,0
young,549,4,0
young,550,4,0
young,551,4,0
young,552,4,1
young,553,4,0
young,554,4,0
young,555,4,1
young,556,4,0
young,557,4,0
young,558,4,1
young,559,4,0
young,560,4,0
young,561,4,0
young,562,4,0
young,563,4,0
young,564,4,0
young,565,4,0
young,566,4,1
young,567,4,0
young,568,4,0
young,569,4,0
young,570,4,0
young,571,4,0
young,572,4,0
young,573,4,0
young,574,4,0
young,575,4,1
young,576,4,1
young,577,4,0
young,578,4,0
young,579,4,0
young,580,4,0
young,581,4,0
young,582,4,0
young,583,4,0
young,584,4,0
young,585,4,0
young,586,4,0
young,587,4,1
young,588,4,0
young,589,4,0
young,590,4,1
young,591,4,1
young,592,4,1
young,593,4,0
young,594,4,0
young,595,4,0
young,596,4,0
young,597,4,0
young,598,4,0
young,599,4,0
young,600,4,0
young,601,4,0
young,602,4,1
young,603,4,1
young,604,4,0
young,605,4,0
young,606,4,0
young,607,4,1
young,608,4,0
young,609,4,1
young,610,4,0
young,611,4,1
young,612,4,0
young,613,4,0
young,614,4,0
young,615,4,1
young,616,4,0
young,617,4,0
young,618,4,0
young,619,4,0
young,620,4,0
young,621,4,0
young,622,4,0
young,623,4,1
young,624,4,0
young,625,4,0
young,626,4,0
young,627,4,1
young,628,4,1
young,629,4,0
young,630,4,0
young,631,4,1
young,632,4,1
young,633,4,0
young,634,4,0
young,635,4,0
young,636,4,1
young,637,4,0
young,638,4,0
young,639,4,0
young,640,4,0
young,641,4,0
young,642,4,0
young,643,4,1
young,644,4,0
young,645,4,1
young,646,4,0
young,647,4,1
young,648,4,0
young,649,4,1
young,650,4,0
young,651,4,0
young,652,4,0
young,653,4,1
young,654,4,0
young,655,4,1
young,656,4,0
young,657,4,0
young,658,4,1
young,659,4,0
young,660,4,1
young,661,4,0
young,662,4,0
young,663,4,0
young,664,4,0
young,665,4,0
young,666,4,0
young,667,4,1
young,668,4,1
young,669,4,0
young,670,4,1
young,671,4,0
young,672,4,1
young,673,4,1
young,674,4,1
young,675,4,0
young,676,4,0
young,677,4,0
young,678,4,0
young,679,4,0
young,680,4,0
young,681,4,1
young,682,4,1
young,683,4,0
young,684,4,1
young,685,4,0
young,686,4,0
young,687,4,0
young,688,4,1
young,689,4,1
young,690,4,0
young,691,4,1
young,692,4,1
young,693,4,0
young,694,4,0
young,695,4,1
young,696,4,0
young,697,4,0
young,698,4,0
young,699,4,1
young,700,4,1
young,701,4,0
young,702,4,1
young,703,4,1
young,704,4,1
young,705,4,0
young,706,4,0
young,707,4,0
young,708,4,0
young,709,4,0
young,710,4,1
young,711,4,0
young,712,4,1
young,713,4,0
young,714,4,0
young,715,4,0
young,716,4,0
young,717,4,0
young,718,4,0
young,719,4,1
young,720,4,1
young,721,4,0
young,722,4,1
young,723,4,1
young,724,4,1
young,725,4,1
young,726,4,0
young,727,4,0
young,728,4,1
young,729,4,0
young,730,4,0
young,731,4,0
young,732,4,1
young,733,4,0
young,734,4,1
young,735,4,0
young,736,4,1
young,737,4,0
young,738,4,0
young,739,4,0
young,740,4,0
young,741,4,0
young,742,4,0
young,743,4,0
young,744,4,0
young,745,4,0
young,746,4,0
young,747,4,0
young,748,4,0
young,749,4,1
young,750,4,1
young,751,4,0
young,752,4,0
young,753,4,0
young,754,4,0
young,755,4,0
young,756,4,0
young,757,4,1
young,758,4,1
young,759,4,1
young,760,4,0
young,761,4,0
young,762,4,1
young,763,4,0
young,764,4,1
young,765,4,1
young,766,4,1
young,767,4,0
young,768,4,0
young,769,4,0
young,770,4,0
young,771,4,0
young,772,4,0
young,773,4,0
young,774,4,0
young,775,4,1
young,776,4,0
young,777,4,1
young,778,4,1
young,779,4,0
young,780,4,0
young,781,4,0
young,782,4,0
young,783,4,0
young,784,4,1
young,785,4,0
young,786,4,0
young,787,4,0
young,788,4,0
young,789,4,0
young,790,4,1
young,791,4,0
young,792,4,1
young,793,4,0
young,794,4,0
young,795,4,1
young,796,4,0
young,797,4,0
young,798,4,1
young,799,4,0
young,800,4,1
young,801,4,0
young,802,4,0
young,803,4,1
young,804,4,0
young,805,4,1
young,806,4,0
young,807,4,0
young,808,4,1
young,809,4,0
young,810,4,0
young,811,4,0
young,812,4,1
young,813,4,0
young,814,4,0
young,815,4,0
young,816,4,1
young,817,4,0
young,818,4,0
young,819,4,0
young,820,4,1
young,821,4,0
young,822,4,0
young,823,4,0
young,824,4,1
young,825,4,0
young,826,4,0
young,827,4,0
young,828,4,1
young,829,4,0
young,830,4,1
young,831,4,0
young,832,4,1
young,833,4,0
young,834,4,0
young,835,4,0
young,836,4,0
young,837,4,0
young,838,4,0
young,839,4,0
young,840,4,1
young,841,4,1
young,842,4,0
young,843,4,1
young,844,4,0
young,845,4,0
young,846,4,0
young,847,4,1
young,848,4,0
young,849,4,0
young,850,4,0
young,851,4,0
young,852,4,0
young,853,4,0
young,854,4,0
young,855,4,0
young,856,4,0
young,857,4,0
young,858,4,0
young,859,4,0
young,860,4,0
young,861,4,1
young,862,4,1
young,863,4,0
young,864,4,1
young,865,4,1
young,866,4,0
young,867,4,0
young,868,4,0
young,869,4,0
young,870,4,1
young,871,4,1
young,872,4,0
young,873,4,0
young,874,4,0
young,875,4,1
young,876,4,0
young,877,4,1
young,878,4,0
young,879,4,1
young,880,4,0
young,881,4,0
young,882,4,0
young,883,4,0
young,884,4,0
young,885,4,0
young,886,4,1
young,887,4,0
young,888,4,1
young,889,4,0
young,890,4,0
young,891,4,0
young,892,4,0
young,893,4,0
young,894,4,0
young,895,4,0
young,896,4,0
young,897,4,0
young,898,4,0
young,899,4,0
young,900,4,0
young,901,4,0
young,902,4,1
young,903,4,0
young,904,4,0
young,905,4,0
young,906,4,0
young,907,4,0
young,908,4,0
young,909,4,0
young,910,4,0
young,911,4,0
young,912,4,0
young,913,4,1
young,914,4,0
young,915,4,1
young,916,4,0
young,917,4,1
young,918,4,1
young,919,4,1
young,920,4,1
young,921,4,0
young,922,4,1
young,923,4,0
young,924,4,0
young,925,4,0
young,926,4,0
young,927,4,0
young,928,4,0
young,929,4,0
young,930,4,0
young,931,4,1
young,932,4,1
young,933,4,0
young,934,4,0
young,935,4,1
young,936,4,1
young,937,4,0
young,938,4,0
young,939,4,1
young,940,4,0
young,941,4,0
young,942,4,0
young,943,4,0
young,944,4,0
young,945,4,0
young,946,4,0
young,947,4,1
young,948,4,1
young,949,4,0
young,950,4,1
young,951,4,0
young,952,4,0
young,953,4,1
young,954,4,0
young,955,4,0
young,956,4,0
young,957,4,1
young,958,4,1
young,959,4,0
young,960,4,0
young,961,4,0
young,962,4,0
young,963,4,0
young,964,4,1
young,965,4,0
young,966,4,0
young,967,4,0
young,968,4,0
young,969,4,0
young,970,4,0
young,971,4,1
young,972,4,0
young,973,4,0
young,974,4,0
young,975,4,0
young,976,4,0
young,977,4,1
young,978,4,1
young,979,4,1
young,980,4,0
young,981,4,1
young,982,4,0
young,983,4,0
young,984,4,1
young,985,4,1
young,986,4,0
young,987,4,0
young,988,4,0
young,989,4,1
young,990,4,0
young,991,4,0
young,992,4,0
young,993,4,1
young,994,4,0
young,995,4,0
young,996,4,0
young,997,4,0
young,998,4,0
young,999,4,0
young,1000,4,0
old,1,5,1
old,2,5,1
old,3,5,0
old,4,5,1
old,5,5,1
old,6,5,1
old,7,5,0
old,8,5,1
old,9,5,1
old,10,5,1
old,11,5,1
old,12,5,0
old,13,5,1
old,14,5,0
old,15,5,1
old,16,5,1
old,17,5,0
old,18,5,0
old,19,5,1
old,20,5,1
old,21,5,0
old,22,5,0
old,23,5,0
old,24,5,0
old,25,5,0
old,26,5,0
old,27,5,1
old,28,5,0
old,29,5,0
old,30,5,0
old,31,5,1
old,32,5,0
old,33,5,1
old,34,5,0
old,35,5,1
old,36,5,0
old,37,5,0
old,38,5,0
old,39,5,1
old,40,5,1
old,41,5,0
old,42,5,0
old,43,5,1
old,44,5,0
old,45,5,1
old,46,5,0
old,47,5,0
old,48,5,0
old,49,5,0
old,50,5,1
old,51,5,0
old,52,5,0
old,53,5,1
old,54,5,0
old,55,5,1
old,56,5,1
old,57,5,0
old,58,5,0
old,59,5,1
old,60,5,0
old,61,5,1
old,62,5,1
old,63,5,1
old,64,5,1
old,65,5,0
old,66,5,0
old,67,5,1
old,68,5,1
old,69,5,1
old,70,5,1
old,71,5,0
old,72,5,0
old,73,5,1
old,74,5,1
old,75,5,1
old,76,5,1
old,77,5,0
old,78,5,1
old,79,5,1
old,80,5,1
old,81,5,1
old,82,5,0
old,83,5,1
old,84,5,1
old,85,5,1
old,86,5,1
old,87,5,0
old,88,5,1
old,89,5,0
old,90,5,0
old,91,5,0
old,92,5,1
old,93,5,1
old,94,5,1
old,95,5,1
old,96,5,1
old,97,5,0
old,98,5,0
old,99,5,0
old,100,5,1
old,101,5,0
old,102,5,0
old,103,5,0
old,104,5,0
old,105,5,1
old,106,5,1
old,107,5,1
old,108,5,1
old,109,5,1
old,110,5,1
old,111,5,1
old,112,5,0
old,113,5,1
old,114,5,0
old,115,5,0
old,116,5,0
old,117,5,0
old,118,5,1
old,119,5,0
old,120,5,1
old,121,5,0
old,122,5,0
old,123,5,0
old,124,5,0
old,125,5,0
old,126,5,1
old,127,5,1
old,128,5,1
old,129,5,0
old,130,5,1
old,131,5,0
old,132,5,1
old,133,5,1
old,134,5,0
old,135,5,1
old,136,5,0
old,137,5,1
old,138,5,1
old,139,5,0
old,140,5,1
old,141,5,0
old,142,5,1
old,143,5,0
old,144,5,1
old,145,5,0
old,146,5,0
old,147,5,1
old,148,5,1
old,149,5,0
old,150,5,0
old,151,5,0
old,152,5,0
old,153,5,1
old,154,5,1
old,155,5,0
old,156,5,0
old,157,5,1
old,158,5,0
old,159,5,0
old,160,5,1
old,161,5,0
old,162,5,0
old,163,5,1
old,164,5,1
old,165,5,0
old,166,5,1
old,167,5,0
old,168,5,0
old,169,5,1
old,170,5,1
old,171,5,1
old,172,5,0
old,173,5,0
old,174,5,0
old,175,5,1
old,176,5,1
old,177,5,1
old,178,5,1
old,179,5,1
old,180,5,1
old,181,5,0
old,182,5,1
old,183,5,0
old,184,5,0
old,185,5,1
old,186,5,0
old,187,5,1
old,188,5,0
old,189,5,0
old,190,5,0
old,191,5,0
old,192,5,1
old,193,5,1
old,194,5,1
old,195,5,0
old,196,5,1
old,197,5,0
old,198,5,0
old,199,5,1
old,200,5,0
old,201,5,1
old,202,5,1
old,203,5,1
old,204,5,1
old,205,5,0
old,206,5,1
old,207,5,1
old,208,5,0
old,209,5,0
old,210,5,1
old,211,5,1
old,212,5,0
old,213,5,1
old,214,5,0
old,215,5,1
old,216,5,1
old,217,5,1
old,218,5,0
old,219,5,1
old,220,5,1
old,221,5,0
old,222,5,1
old,223,5,0
old,224,5,0
old,225,5,0
old,226,5,1
old,227,5,0
old,228,5,0
old,229,5,1
old,230,5,1
old,231,5,1
old,232,5,0
old,233,5,0
old,234,5,1
old,235,5,0
old,236,5,0
old,237,5,1
old,238,5,0
old,239,5,1
old,240,5,1
old,241,5,1
old,242,5,1
old,243,5,1
old,244,5,0
old,245,5,1
old,246,5,0
old,247,5,0
old,248,5,0
old,249,5,0
old,250,5,1
old,251,5,0
old,252,5,0
old,253,5,1
old,254,5,0
old,255,5,1
old,256,5,1
old,257,5,0
old,258,5,1
old,259,5,1
old,260,5,0
old,261,5,1
old,262,5,0
old,263,5,0
old,264,5,0
old,265,5,1
old,266,5,0
old,267,5,0
old,268,5,1
old,269,5,0
old,270,5,1
old,271,5,1
old,272,5,0
old,273,5,1
old,274,5,1
old,275,5,0
old,276,5,1
old,277,5,0
old,278,5,0
old,279,5,0
old,280,5,1
old,281,5,1
old,282,5,0
old,283,5,1
old,284,5,0
old,285,5,0
old,286,5,0
old,287,5,1
old,288,5,1
old,289,5,1
old,290,5,1
old,291,5,0
old,292,5,1
old,293,5,1
old,294,5,0
old,295,5,1
old,296,5,1
old,297,5,1
old,298,5,1
old,299,5,1
old,300,5,1
old,301,5,1
old,302,5,0
old,303,5,1
old,304,5,0
old,305,5,1
old,306,5,1
old,307,5,0
old,308,5,1
old,309,5,0
old,310,5,1
old,311,5,1
old,312,5,1
old,313,5,0
old,314,5,0
old,315,5,0
old,316,5,1
old,317,5,0
old,318,5,1
old,319,5,0
old,320,5,1
old,321,5,1
old,322,5,1
old,323,5,1
old,324,5,1
old,325,5,0
old,326,5,0
old,327,5,1
old,328,5,0
old,329,5,0
old,330,5,0
old,331,5,0
old,332,5,0
old,333,5,0
old,334,5,1
old,335,5,0
old,336,5,1
old,337,5,1
old,338,5,1
old,339,5,1
old,340,5,0
old,341,5,0
old,342,5,0
old,343,5,1
old,344,5,0
old,345,5,0
old,346,5,0
old,347,5,1
old,348,5,1
old,349,5,0
old,350,5,0
old,351,5,1
old,352,5,1
old,353,5,0
old,354,5,0
old,355,5,1
old,356,5,0
old,357,5,1
old,358,5,1
old,359,5,0
old,360,5,1
old,361,5,0
old,362,5,1
old,363,5,1
old,364,5,1
old,365,5,1
old,366,5,1
old,367,5,1
old,368,5,1
old,369,5,0
old,370,5,0
old,371,5,1
old,372,5,0
old,373,5,0
old,374,5,0
old,375,5,0
old,376,5,0
old,377,5,1
old,378,5,1
old,379,5,0
old,380,5,1
old,381,5,0
old,382,5,1
old,383,5,0
old,384,5,0
old,385,5,1
old,386,5,1
old,387,5,1
old,388,5,1
old,389,5,0
old,390,5,0
old,391,5,1
old,392,5,1
old,393,5,0
old,394,5,0
old,395,5,0
old,396,5,0
old,397,5,1
old,398,5,1
old,399,5,0
old,400,5,1
old,401,5,1
old,402,5,0
old,403,5,0
old,404,5,1
old,405,5,0
old,406,5,1
old,407,5,1
old,408,5,0
old,409,5,0
old,410,5,1
old,411,5,0
old,412,5,1
old,413,5,1
old,414,5,1
old,415,5,0
old,416,5,1
old,417,5,0
old,418,5,1
old,419,5,0
old,420,5,1
old,421,5,1
old,422,5,1
old,423,5,0
old,424,5,0
old,425,5,1
old,426,5,1
old,427,5,1
old,428,5,0
old,429,5,0
old,430,5,0
old,431,5,0
old,432,5,1
old,433,5,0
old,434,5,1
old,435,5,1
old,436,5,0
old,437,5,0
old,438,5,0
old,439,5,0
old,440,5,0
old,441,5,0
old,442,5,1
old,443,5,1
old,444,5,0
old,445,5,1
old,446,5,0
old,447,5,0
old,448,5,1
old,449,5,0
old,450,5,0
old,451,5,0
old,452,5,1
old,453,5,1
old,454,5,1
old,455,5,0
old,456,5,1
old,457,5,1
old,458,5,0
old,459,5,1
old,460,5,0
old,461,5,1
old,462,5,0
old,463,5,1
old,464,5,0
old,465,5,0
old,466,5,1
old,467,5,1
old,468,5,1
old,469,5,1
old,470,5,1
old,471,5,0
old,472,5,0
old,473,5,1
old,474,5,0
old,475,5,0
old,476,5,0
old,477,5,1
old,478,5,0
old,479,5,1
old,480,5,1
old,481,5,1
old,482,5,0
old,483,5,1
old,484,5,1
old,485,5,1
old,486,5,1
old,487,5,1
old,488,5,1
old,489,5,0
old,490,5,1
old,491,5,0
old,492,5,1
old,493,5,0
old,494,5,1
old,495,5,1
old,496,5,0
old,497,5,0
old,498,5,0
old,499,5,0
old,500,5,0
young,501,5,0
young,502,5,0
young,503,5,0
young,504,5,0
young,505,5,1
young,506,5,0
young,507,5,0
young,508,5,0
young,509,5,0
young,510,5,0
young,511,5,0
young,512,5,0
young,513,5,0
young,514,5,0
young,515,5,0
young,516,5,0
young,517,5,0
young,518,5,0
young,519,5,0
young,520,5,0
young,521,5,0
young,522,5,0
young,523,5,0
young,524,5,0
young,525,5,0
young,526,5,0
young,527,5,0
young,528,5,1
young,529,5,1
young,530,5,0
young,531,5,0
young,532,5,1
young,533,5,0
young,534,5,0
young,535,5,0
young,536,5,0
young,537,5,0
young,538,5,0
young,539,5,1
young,540,5,0
young,541,5,0
young,542,5,0
young,543,5,0
young,544,5,0
young,545,5,0
young,546,5,1
young,547,5,0
young,548,5,0
young,549,5,1
young,550,5,0
young,551,5,0
young,552,5,0
young,553,5,0
young,554,5,0
young,555,5,0
young,556,5,0
young,557,5,0
young,558,5,0
young,559,5,0
young,560,5,0
young,561,5,0
young,562,5,0
young,563,5,0
young,564,5,0
young,565,5,0
young,566,5,0
young,567,5,0
young,568,5,0
young,569,5,1
young,570,5,0
young,571,5,0
young,572,5,1
young,573,5,1
young,574,5,0
young,575,5,0
young,576,5,0
young,577,5,0
young,578,5,1
young,579,5,0
young,580,5,0
young,581,5,0
young,582,5,0
young,583,5,1
young,584,5,0
young,585,5,0
young,586,5,1
young,587,5,0
young,588,5,0
young,589,5,0
young,590,5,0
young,591,5,1
young,592,5,0
young,593,5,0
young,594,5,0
young,595,5,0
young,596,5,1
young,597,5,0
young,598,5,0
young,599,5,1
young,600,5,0
young,601,5,1
young,602,5,1
young,603,5,0
young,604,5,0
young,605,5,0
young,606,5,0
young,607,5,0
young,608,5,0
young,609,5,0
young,610,5,0
young,611,5,0
young,612,5,0
young,613,5,0
young,614,5,0
young,615,5,0
young,616,5,0
young,617,5,0
young,618,5,0
young,619,5,0
young,620,5,0
young,621,5,0
young,622,5,0
young,623,5,0
young,624,5,0
young,625,5,0
young,626,5,0
young,627,5,0
young,628,5,0
young,629,5,0
young,630,5,1
young,631,5,0
young,632,5,0
young,633,5,0
young,634,5,0
young,635,5,0
young,636,5,0
young,637,5,0
young,638,5,1
young,639,5,0
young,640,5,0
young,641,5,0
young,642,5,0
young,643,5,0
young,644,5,1
young,645,5,0
young,646,5,0
young,647,5,0
young,648,5,0
young,649,5,0
young,650,5,0
young,651,5,1
young,652,5,0
young,653,5,0
young,654,5,0
young,655,5,0
young,656,5,0
young,657,5,0
young,658,5,0
young,659,5,0
young,660,5,0
young,661,5,0
young,662,5,0
young,663,5,0
young,664,5,0
young,665,5,0
young,666,5,0
young,667,5,0
young,668,5,0
young,669,5,0
young,670,5,1
young,671,5,0
young,672,5,0
young,673,5,0
young,674,5,0
young,675,5,0
young,676,5,0
young,677,5,0
young,678,5,0
young,679,5,0
young,680,5,0
young,681,5,0
young,682,5,0
young,683,5,0
young,684,5,0
young,685,5,0
young,686,5,0
young,687,5,0
young,688,5,0
young,689,5,0
young,690,5,0
young,691,5,0
young,692,5,0
young,693,5,0
young,694,5,0
young,695,5,0
young,696,5,0
young,697,5,0
young,698,5,1
young,699,5,0
young,700,5,0
young,701,5,0
young,702,5,0
young,703,5,0
young,704,5,0
young,705,5,1
young,706,5,0
young,707,5,0
young,708,5,0
young,709,5,0
young,710,5,1
young,711,5,0
young,712,5,1
young,713,5,1
young,714,5,0
young,715,5,0
young,716,5,0
young,717,5,0
young,718,5,0
young,719,5,0
young,720,5,0
young,721,5,0
young,722,5,0
young,723,5,1
young,724,5,1
young,725,5,0
young,726,5,0
young,727,5,0
young,728,5,0
young,729,5,0
young,730,5,1
young,731,5,0
young,732,5,0
young,733,5,0
young,734,5,0
young,735,5,0
young,736,5,0
young,737,5,0
young,738,5,0
young,739,5,0
young,740,5,0
young,741,5,0
young,742,5,0
young,743,5,0
young,744,5,1
young,745,5,1
young,746,5,0
young,747,5,0
young,748,5,1
young,749,5,1
young,750,5,0
young,751,5,0
young,752,5,0
young,753,5,0
young,754,5,0
young,755,5,0
young,756,5,0
young,757,5,0
young,758,5,0
young,759,5,1
young,760,5,0
young,761,5,0
young,762,5,0
young,763,5,0
young,764,5,0
young,765,5,0
young,766,5,0
young,767,5,0
young,768,5,0
young,769,5,1
young,770,5,0
young,771,5,0
young,772,5,0
young,773,5,0
young,774,5,1
young,775,5,0
young,776,5,0
young,777,5,0
young,778,5,0
young,779,5,0
young,780,5,0
young,781,5,0
young,782,5,0
young,783,5,0
young,784,5,0
young,785,5,1
young,786,5,0
young,787,5,0
young,788,5,0
young,789,5,0
young,790,5,0
young,791,5,0
young,792,5,1
young,793,5,1
young,794,5,0
young,795,5,0
young,796,5,0
young,797,5,0
young,798,5,0
young,799,5,0
young,800,5,0
young,801,5,0
young,802,5,0
young,803,5,1
young,804,5,0
young,805,5,0
young,806,5,0
young,807,5,0
young,808,5,1
young,809,5,0
young,810,5,0
young,811,5,0
young,812,5,0
young,813,5,0
young,814,5,0
young,815,5,0
young,816,5,0
young,817,5,0
young,818,5,0
young,819,5,0
young,820,5,0
young,821,5,0
young,822,5,1
young,823,5,0
young,824,5,0
young,825,5,0
young,826,5,0
young,827,5,1
young,828,5,1
young,829,5,0
young,830,5,1
young,831,5,0
young,832,5,1
young,833,5,1
young,834,5,0
young,835,5,0
young,836,5,0
young,837,5,1
young,838,5,0
young,839,5,0
young,840,5,0
young,841,5,1
young,842,5,0
young,843,5,1
young,844,5,0
young,845,5,0
young,846,5,0
young,847,5,1
young,848,5,0
young,849,5,0
young,850,5,1
young,851,5,0
young,852,5,0
young,853,5,0
young,854,5,0
young,855,5,0
young,856,5,0
young,857,5,0
young,858,5,0
young,859,5,0
young,860,5,0
young,861,5,0
young,862,5,0
young,863,5,0
young,864,5,0
young,865,5,0
young,866,5,0
young,867,5,0
young,868,5,1
young,869,5,0
young,870,5,0
young,871,5,1
young,872,5,0
young,873,5,0
young,874,5,0
young,875,5,0
young,876,5,0
young,877,5,0
young,878,5,0
young,879,5,0
young,880,5,0
young,881,5,0
young,882,5,0
young,883,5,0
young,884,5,0
young,885,5,0
young,886,5,1
young,887,5,0
young,888,5,0
young,889,5,0
young,890,5,0
young,891,5,1
young,892,5,1
young,893,5,1
young,894,5,0
young,895,5,0
young,896,5,0
young,897,5,0
young,898,5,0
young,899,5,0
young,900,5,0
young,901,5,0
young,902,5,0
young,903,5,0
young,904,5,0
young,905,5,0
young,906,5,0
young,907,5,0
young,908,5,0
young,909,5,0
young,910,5,0
young,911,5,1
young,912,5,0
young,913,5,0
young,914,5,0
young,915,5,0
young,916,5,0
young,917,5,0
young,918,5,0
young,919,5,0
young,920,5,0
young,921,5,0
young,922,5,0
young,923,5,0
young,924,5,0
young,925,5,0
young,926,5,0
young,927,5,0
young,928,5,0
young,929,5,1
young,930,5,0
young,931,5,0
young,932,5,1
young,933,5,0
young,934,5,0
young,935,5,0
young,936,5,0
young,937,5,0
young,938,5,0
young,939,5,1
young,940,5,0
young,941,5,1
young,942,5,0
young,943,5,0
young,944,5,1
young,945,5,0
young,946,5,1
young,947,5,1
young,948,5,0
young,949,5,0
young,950,5,0
young,951,5,0
young,952,5,1
young,953,5,0
young,954,5,0
young,955,5,0
young,956,5,0
young,957,5,0
young,958,5,0
young,959,5,0
young,960,5,0
young,961,5,0
young,962,5,0
young,963,5,0
young,964,5,0
young,965,5,0
young,966,5,0
young,967,5,0
young,968,5,0
young,969,5,1
young,970,5,0
young,971,5,0
young,972,5,0
young,973,5,0
young,974,5,0
young,975,5,0
young,976,5,0
young,977,5,0
young,978,5,0
young,979,5,1
young,980,5,0
young,981,5,0
young,982,5,0
young,983,5,0
young,984,5,0
young,985,5,1
young,986,5,0
young,987,5,0
young,988,5,0
young,989,5,0
young,990,5,0
young,991,5,0
young,992,5,0
young,993,5,1
young,994,5,0
young,995,5,0
young,996,5,0
young,997,5,0
young,998,5,0
young,999,5,0
young,1000,5,0
